{
  "6410 Muck Pond Rd, Seffner FL 33584": [
    28.0256624,
    -82.2673578
  ],
  "5844 Meadowpark Pl, Lithia FL 33547": [
    27.8464036,
    -82.2311183
  ],
  "13148 Vail Ridge Dr, Riverview FL 33579": [
    27.7933968,
    -82.32912019999999
  ],
  "20101 Blue Daze Ave, Tampa FL 33647": [
    28.1609555,
    -82.32851989999999
  ],
  "11104 Elliot St, Riverview FL 33578": [
    27.8689641,
    -82.31810469999999
  ],
  "126 Falling Water Dr, Brandon FL 33511": [
    27.8901408,
    -82.28922159999999
  ],
  "4034 Dellbrook Dr, Tampa FL 33624": [
    28.0920703,
    -82.51380259999999
  ],
  "8301 Terracewood Cir, Tampa FL 33615": [
    28.0226429,
    -82.5737312
  ],
  "609 Pawn Way, Seffner FL 33584": [
    28.0072633,
    -82.2680262
  ],
  "12904 Vicksburg Dr, Tampa FL 33625": [
    28.0631939,
    -82.5469503
  ],
  "11905 Baytree Dr, Riverview FL 33569": [
    27.8288992,
    -82.2983586
  ],
  "815 Manns Harbor Dr, Apollo Beach FL 33572": [
    27.75342,
    -82.432149
  ],
  "2807 Winding Trail Dr, Valrico FL 33596": [
    27.9038288,
    -82.2151581
  ],
  "1526 Lions Club Dr, Brandon FL 33511": [
    27.9090917,
    -82.30475
  ],
  "17826 Dorman Rd, Lithia FL 33547": [
    27.8435156,
    -82.19539189999999
  ],
  "408 Timber Creek Dr, Brandon FL 33510": [
    27.9620215,
    -82.29289510000001
  ],
  "683 Chipper Dr, Sun City Center FL 33573": [
    27.702639,
    -82.34458
  ],
  "713 Innergary Pl, Valrico FL 33594": [
    27.9290929,
    -82.2505551
  ],
  "12205 Timberlake Rd, Riverview FL 33569": [
    27.8372872,
    -82.2888572
  ],
  "2546 Arborwood Dr, Valrico FL 33596": [
    27.8989451,
    -82.2409089
  ],
  "9121 Cypress Keep Ln, Odessa FL 33556": [
    28.0952827,
    -82.59128539999999
  ],
  "10805 Roundview Ln, Tampa FL 33624": [
    28.0466912,
    -82.51730789999999
  ],
  "5902 Myer St, Tampa FL 33634": [
    28.0014919,
    -82.5544747
  ],
  "6016 N Olive Ave, Tampa FL 33614": [
    28.0029973,
    -82.5142824
  ],
  "2276 Lesser Goldfinch Dr, Wimauma FL 33598": [
    27.6945515,
    -82.3119039
  ],
  "2274 Lesser Goldfinch Dr, Wimauma FL 33598": [
    27.6945515,
    -82.3119039
  ],
  "2272 Lesser Goldfinch Dr, Wimauma FL 33598": [
    27.6945515,
    -82.3119039
  ],
  "2270 Lesser Goldfinch Dr, Wimauma FL 33598": [
    27.6945515,
    -82.3119039
  ],
  "1017 Willis Rd, Ruskin FL 33570": [
    27.7074928,
    -82.4847001
  ],
  "15542 Miller Creek Dr, Sun City Center FL 33573": [
    27.742032,
    -82.37316899999999
  ],
  "7334 Bagley Cove Ct, Sun City Center FL 33573": [
    27.7372918,
    -82.37140339999999
  ],
  "2258 Lesser Goldfinch Dr, Wimauma FL 33598": [
    27.6945515,
    -82.3119039
  ],
  "2256 Lesser Goldfinch Dr, Wimauma FL 33598": [
    27.6945515,
    -82.3119039
  ],
  "2254 Lesser Goldfinch Dr, Wimauma FL 33598": [
    27.6945515,
    -82.3119039
  ],
  "2252 Lesser Goldfinch Dr, Wimauma FL 33598": [
    27.6945515,
    -82.3119039
  ],
  "2250 Lesser Goldfinch Dr, Wimauma FL 33598": [
    27.6945515,
    -82.3119039
  ],
  "2248 Lesser Goldfinch Dr, Wimauma FL 33598": [
    27.6945515,
    -82.3119039
  ],
  "1525 Serenity Outlook Ct, Lutz FL 33548": [
    28.141944,
    -82.4914775
  ],
  "1533 Serenity Outlook Ct, Lutz FL 33548": [
    28.1419139,
    -82.49163469999999
  ],
  "18550 Serene Lake Loop, Lutz FL 33548": [
    28.1429216,
    -82.4930109
  ],
  "18554 Serene Lake Loop, Lutz FL 33548": [
    28.1430585,
    -82.49300439999999
  ],
  "18562 Serene Lake Loop, Lutz FL 33548": [
    28.1431938,
    -82.49299599999999
  ],
  "18568 Serene Lake Loop, Lutz FL 33548": [
    28.1433354,
    -82.4929913
  ],
  "18574 Serene Lake Loop, Lutz FL 33548": [
    28.143477,
    -82.49299909999999
  ],
  "13192 Garnet Raspberry Ave, Wimauma FL 33598": [
    27.7504236,
    -82.2620094
  ],
  "13234 Fluorite Venus Ct, Wimauma FL 33598": [
    27.7586776,
    -82.2626698
  ],
  "5840 Purple Finch Ave, Wimauma FL 33598": [
    27.6963129,
    -82.31454769999999
  ],
  "5821 Yellow Hornbill Ave, Wimauma FL 33598": [
    27.6954064,
    -82.3147738
  ]
}